{
  "spearman": 0.3759162438160847,
  "rmse": 0.5954651018362518,
  "runtime_seconds": 10.5685,
  "n_train": 113698,
  "n_val": 24296,
  "model": "ridge",
  "tfidf_max_features": 25000,
  "ngram_max": 2,
  "alpha": 1.0,
  "description": "Vocab sweep: 25k features"
}