{
  "spearman": 0.33697597912302535,
  "rmse": 0.6117607476065559,
  "runtime_seconds": 14.8907,
  "n_train": 113698,
  "n_val": 24296,
  "tfidf_max_features": 5000,
  "model": "ridge",
  "target": "log_impressions_mid"
}