{
  "spearman": 0.15532051897805968,
  "rmse": 0.6475620912462928,
  "runtime_seconds": 14.486,
  "axis": "M",
  "model": "elasticnet",
  "n_train": 113698,
  "n_val": 24296,
  "tfidf_max_features": 50000,
  "description": "ElasticNet (alpha=0.001, l1_ratio=0.5, 50k TF-IDF)"
}