{
  "spearman": 0.39001436967688824,
  "rmse": 0.5892648418152131,
  "runtime_seconds": 9.6071,
  "axis": "H",
  "n_train": 113698,
  "n_val": 24296,
  "model": "ridge",
  "tfidf_max_features": 50000,
  "alpha": 1.0,
  "min_df": 1,
  "max_df": 0.95,
  "description": "50k vocab, min_df=1 (include hapax)"
}