{
  "spearman": 0.35574335391086503,
  "rmse": 0.6231041250850038,
  "runtime_seconds": 8.3286,
  "axis": "H",
  "n_train": 113698,
  "n_val": 24296,
  "model": "ridge",
  "tfidf_max_features": 50000,
  "alpha": 100.0,
  "min_df": 2,
  "max_df": 0.95,
  "description": "50k vocab, Ridge alpha=100 (heavy regularisation)"
}