{
  "spearman": 0.39025154230325704,
  "rmse": 0.5893383533065739,
  "runtime_seconds": 10.0001,
  "n_train": 113698,
  "n_val": 24296,
  "model": "ridge",
  "tfidf_max_features": 50000,
  "ngram_max": 2,
  "alpha": 1.0,
  "description": "Vocab sweep: 50k features"
}