{
  "spearman": 0.3504948820213881,
  "rmse": 0.6045078039184613,
  "runtime_seconds": 9.6097,
  "n_train": 113698,
  "n_val": 24296,
  "model": "ridge",
  "tfidf_max_features": 10000,
  "ngram_max": 2,
  "alpha": 1.0,
  "description": "Vocab sweep: 10k features"
}